,City,Country,Max Temp,Current Description,Lat,Lng,Hotel Name
1,Yellowknife,CA,64.4,scattered clouds,62.46,-114.35,The Explorer Hotel
2,College,US,57.99,overcast clouds,64.86,-147.8,Pike's Waterfront Lodge
3,Bulawayo,ZW,55.13,scattered clouds,-20.15,28.58,4 On Housman Backpackers
6,Katsuura,JP,75.2,mist,35.13,140.3,Katsuura Hotel Mikazuki
10,Puerto Ayora,EC,71.01,overcast clouds,-0.74,-90.35,Finch Bay Galapagos Hotel
12,Werder,DE,61.0,overcast clouds,52.38,12.93,Landhotel Potsdam
15,Castro,BR,57.97,overcast clouds,-24.79,-50.01,CHACARA BAILLY
17,Mairana,BO,56.3,broken clouds,-18.12,-63.93,Mi Terru√±o
18,Oriximina,BR,85.06,broken clouds,-1.77,-55.87,Pousada Tia Am√©lia
20,Atuona,PF,79.54,clear sky,-9.8,-139.03,Villa Enata
21,Kodiak,US,60.8,overcast clouds,57.79,-152.41,Best Western Kodiak Inn and Convention Center
26,Antofagasta,CL,60.8,clear sky,-23.65,-70.4,Hotel Terrado Suites Antofagasta
27,Kapaa,US,82.4,broken clouds,22.08,-159.32,Sheraton Kauai Resort at Coconut Beach
28,Saskylakh,RU,55.44,scattered clouds,71.92,114.08,
29,Palmer,US,82.4,broken clouds,42.16,-72.33,Wedgewood Motel
31,Rikitea,PF,67.71,few clouds,-23.12,-134.97,Pension Maro'i
33,Mahebourg,MU,71.6,broken clouds,-20.41,57.7,Shandrani Beachcomber Resort & Spa
35,Kitimat,CA,62.6,overcast clouds,54.05,-128.65,Kingfish Westcoast Adventures Ltd. Kitimat Estuary Lodge B&B
37,Sinnamary,GF,80.15,scattered clouds,5.38,-52.95,ALETHEIA Appartement Sinnamary
38,Santa Lucia,ES,82.4,clear sky,27.91,-15.54,Hotel Viverde Las Tirajanas
39,Lagoa,PT,68.97,overcast clouds,39.05,-27.98,Casa Das Faias
41,Ribeira Grande,PT,69.8,broken clouds,38.52,-28.7,Quinta da Meia Eira
43,Gat,IL,80.01,clear sky,31.61,34.76,◊®◊í◊¢ ◊ë◊†◊ó◊™
44,Butaritari,KI,83.12,clear sky,3.07,172.79,Isles Sunset Lodge
45,Georgetown,MY,78.8,few clouds,5.41,100.34,Cititel Penang
48,Port Blair,IN,80.28,overcast clouds,11.67,92.75,Hotel Sentinel
49,Cape Town,ZA,57.2,broken clouds,-33.93,18.42,Southern Sun Waterfront Cape Town
52,Santa Rosa,PH,81.0,broken clouds,14.31,121.11,Amethyst Econotel
53,Avarua,CK,75.2,scattered clouds,-21.21,-159.78,Paradise Inn
54,Oktyabrskoye,RU,71.6,overcast clouds,43.06,44.74,Prolesok Mini-hotel
55,Pran Buri,TH,77.92,overcast clouds,12.38,99.91,Waterside Resort
56,Kyzyl-Suu,KG,61.38,overcast clouds,42.34,78.0,Gostinitsa Nur-Ordo
57,Vaini,TO,73.4,broken clouds,-21.2,-175.2,Keleti Beach Resort
58,Mahibadhoo,MV,83.48,broken clouds,3.78,72.97,Omadhoo Inn
59,Port Alfred,ZA,68.14,clear sky,-33.59,26.89,The Halyards Hotel
60,Klyuchi,RU,63.45,few clouds,52.27,79.17,Vesolaya Mayovka
61,Kibray,UZ,78.8,smoke,41.39,69.46,Umid Gulshani Sanatorium
64,Barcelos,PT,70.0,scattered clouds,41.54,-8.62,Hotel Do Ter√ßo
65,Hovd,MN,58.95,overcast clouds,48.01,91.64,Hotel Khovd
66,Aquiraz,BR,82.4,few clouds,-3.9,-38.39,Hotel Laguna Blu
67,Hobyo,SO,78.94,overcast clouds,5.35,48.53,Osmani Hotel
68,Beringovskiy,RU,56.88,clear sky,63.05,179.32,Beringgorski
69,Lata,PT,69.01,clear sky,40.16,-8.33,Casa Maquia
70,Mangrol,IN,83.88,few clouds,21.12,70.12,Hotel The Royal Honours
71,Richards Bay,ZA,61.52,clear sky,-28.78,32.04,BON Hotel Waterfront Richards Bay
72,Arraial Do Cabo,BR,82.4,clear sky,-22.97,-42.03,Pousada Porto Praia
77,Simbahan,PH,82.51,overcast clouds,6.3,120.58,
81,Kampot,KH,77.0,scattered clouds,10.62,104.18,Champa Lodge
83,Pierre,US,86.0,broken clouds,44.37,-100.35,Ramkota Hotel
85,Pokrovka,KG,61.12,overcast clouds,42.34,78.01,Hostel ‚ÄúSuusar‚Äù
86,Hasaki,JP,75.0,light intensity shower rain,35.73,140.83,Inubosaki Kanko Hotel
87,Naze,JP,80.6,broken clouds,28.37,129.48,Â•ÑÁæé„Éù„Éº„Éà„Çø„ÉØ„Éº„Éõ„ÉÜ„É´
89,Saint-Joseph,RE,68.0,scattered clouds,-21.37,55.62,"""Plantation Bed and Breakfast"
92,Khatanga,RU,60.48,clear sky,71.97,102.5,"Gostinitsa ""Zapolyar'ye"""
93,Aitape,PG,77.18,scattered clouds,-3.14,142.35,
95,Nikolskoye,RU,60.8,broken clouds,59.7,30.79,Tourist House - Sablino
96,East London,ZA,67.33,clear sky,-33.02,27.91,Tu Casa
97,Ewa Beach,US,84.2,few clouds,21.32,-158.01,Hampton Inn & Suites Oahu/Kapolei
100,Channel-Port Aux Basques,CA,59.58,overcast clouds,47.57,-59.14,St. Christopher's Hotel
101,Twin Falls,US,75.2,clear sky,42.56,-114.46,Holiday Inn Express & Suites Twin Falls
104,Fairbanks,US,57.99,overcast clouds,64.84,-147.72,Westmark Fairbanks Hotel & Conference Center
105,Ambanja,MG,70.41,clear sky,-13.68,48.45,Hotel Marrakech
106,Zhigansk,RU,58.51,clear sky,66.77,123.37,Gostinichnyy Kompleks Aylgy
107,Erzin,TR,78.01,clear sky,36.96,36.2,Artemis Otel
109,Anzio,IT,75.99,clear sky,41.49,12.62,Hotel Lido Garda
110,Hermanus,ZA,60.13,overcast clouds,-34.42,19.23,Misty Waves Boutique Hotel
113,Weinan,CN,84.0,broken clouds,34.5,109.51,Thank Inn Chain Hotel shanxi weinan linwei district jiefang road
115,Mae Sai,TH,77.0,few clouds,20.43,99.88,Piyaporn Hill Paradise Hotel
116,Magnor,SE,55.4,clear sky,59.95,12.2,Magnor Bad
117,Chabahar,IR,87.8,overcast clouds,25.29,60.64,Ÿáÿ™ŸÑ ⁄ØÿØÿ±Ÿàÿ¥€åÿß
118,Vierzon,FR,71.6,scattered clouds,47.21,2.06,Arche H√¥tel Vierzon
119,Millet,CA,59.0,mist,53.1,-113.47,Millet Village Trailer Park
120,Benguela,AO,66.9,clear sky,-12.58,13.41,Hotel Praia Morena
121,Pascagoula,US,86.0,clear sky,30.37,-88.56,Regency Inn
124,Banda Aceh,ID,79.81,broken clouds,5.56,95.32,OYO 884 Rumoh PMI Hotel
125,Thompson,CA,77.0,broken clouds,55.74,-97.86,Burntwood Hotel
126,Alofi,NU,75.2,broken clouds,-19.06,-169.92,Taloa Heights
127,San Andres,CO,86.0,overcast clouds,12.58,-81.7,Hotel Arena Blanca
128,Cherskiy,RU,67.71,broken clouds,68.75,161.3,Gostinitsa
130,Northam,GB,60.01,overcast clouds,51.03,-4.22,Durrant House Hotel
132,Pangai,TO,73.4,broken clouds,-19.8,-174.35,Ha'apai Beach Resort
133,Torbay,CA,63.0,few clouds,47.67,-52.73,Gallows Cove
134,Phan Thiet,VN,75.65,overcast clouds,10.93,108.1,Hotel Saigon-PT
135,Sao Felix Do Xingu,BR,82.09,broken clouds,-6.64,-51.99,Apart Hotel Rio Xingu
138,Nyurba,RU,57.88,scattered clouds,63.28,118.33,Gostinitsa Alrosa
139,Burns Lake,CA,66.76,overcast clouds,54.23,-125.75,Burns Lake Bed and Breakfast
140,Belmonte,BR,75.2,few clouds,-15.86,-38.88,Pousada Monte Carmelo O P√£o
141,Isangel,VU,64.4,broken clouds,-19.55,169.27,Volcano Sea View Tree House
144,Barabinsk,RU,64.22,broken clouds,55.36,78.36,"Gostinitsa ""Noy"""
145,Quang Ngai,VN,76.6,overcast clouds,15.12,108.8,Central Hotel
147,Yenagoa,NG,75.0,overcast clouds,4.92,6.26,Amba Hotels Limited
148,Marzuq,YE,84.6,broken clouds,14.4,46.47,
149,Foam Lake,CA,69.1,scattered clouds,51.65,-103.53,Foam Lake Campground
153,Saint-Philippe,RE,68.0,broken clouds,-21.36,55.77,"Chambres d'h√¥te ""La Trinit√©"""
154,Haines Junction,CA,63.09,scattered clouds,60.75,-137.51,Parkside Inn
155,Erenhot,CN,74.35,overcast clouds,43.65,111.98,Erenhot Rurouni Youth Hostel
156,Coquimbo,CL,59.0,clear sky,-29.95,-71.34,Hotel San Juan
157,Porto Tolle,IT,73.0,clear sky,44.95,12.32,Klaus sas di Boscolo Claudio & c.
160,Nsanje,MW,68.38,overcast clouds,-16.92,35.26,Nsanje Discovery Lodge
161,Bulungu,CD,77.34,clear sky,-4.55,18.6,
162,Mayor Pablo Lagerenza,PY,57.09,overcast clouds,-19.93,-60.77,
163,Loandjili,CG,73.4,broken clouds,-4.76,11.86,R√©sidence ARCHANGE
164,Shetpe,KZ,82.89,clear sky,44.17,52.12,Rtsm Shetpe Analog
165,Kalmar,SE,57.0,broken clouds,56.66,16.36,First Hotel Witt
169,Los Llanos De Aridane,ES,81.0,few clouds,28.66,-17.92,Valle Aridane
170,Zhanakorgan,KZ,78.46,clear sky,43.91,67.25,"""–ê“õ–ø–∞–ª–∞—Å"" “õ–æ–Ω–∞“õ “Ø–π—ñ"
173,Kon Tum,VN,69.48,overcast clouds,14.35,108.0,Hoa ƒë√† spa- homestay
179,Hithadhoo,MV,84.69,few clouds,-0.6,73.08,Scoop Guest House
180,Celestun,MX,88.79,clear sky,20.87,-90.4,Posada Lilia
181,Port Elizabeth,ZA,59.0,clear sky,-33.92,25.57,39 On Nile Guest House
183,Bandarbeyla,SO,79.95,few clouds,9.49,50.81,REER XOOSHLE GROUP
185,Mikuni,JP,71.6,light intensity shower rain,36.22,136.15,Haiya
186,Mato Verde,BR,78.78,clear sky,-15.4,-42.87,Quality Hotel
187,Namibe,AO,65.8,clear sky,-15.2,12.15,Hotel Chik Chik Namibe
188,Gull Lake,CA,57.2,light rain,50.1,-108.48,Campbell's Accommodations
189,Inhambane,MZ,68.0,few clouds,-23.86,35.38,Oceano
193,Bilibino,RU,63.14,broken clouds,68.05,166.44,Gostinitsa Severyanka
194,Eslov,SE,57.0,light rain,55.84,13.3,Stensson
196,Bantry,IE,59.0,light intensity drizzle,51.68,-9.45,The Maritime Hotel
197,Audru,EE,55.0,clear sky,58.41,24.37,Valgeranna Puhkekeskus
198,Mareeba,AU,69.8,broken clouds,-17.0,145.43,Trinity Plains Tourist Park
199,Avera,US,86.0,overcast clouds,33.19,-82.53,
201,Cockburn Town,TC,84.18,clear sky,21.46,-71.14,Osprey Beach Hotel
202,Muli,MV,83.77,broken clouds,2.92,73.57,Medhufushi Island Resort
203,Malanville,BJ,82.62,broken clouds,11.87,3.39,DEVO HOTEL
206,Ponta Do Sol,PT,71.01,clear sky,32.67,-17.1,Hotel do Campo
208,Caravelas,BR,71.4,clear sky,-17.71,-39.25,Pousada dos Navegantes
209,Amga,RU,58.5,few clouds,60.9,131.96,Algys
212,Hoorn,NL,61.0,overcast clouds,52.64,5.06,Hotel Oostereiland - Gevangenis Hotel
215,Kourou,GF,84.2,broken clouds,5.16,-52.65,Lodge Takini 4
216,Pisco,PE,69.8,dust,-13.7,-76.22,Hostal San Isidro Oficial
217,Chaman,PK,75.2,clear sky,30.92,66.45,Niamatt parda Center
218,Hornepayne,CA,86.16,few clouds,49.21,-84.77,Jackfish River Inn
221,Mecca,SA,87.15,clear sky,21.43,39.83,Hotel Fairmont Makkah Clock Royal Tower
223,Ibra,OM,84.06,broken clouds,22.69,58.53,ŸÖÿ≤ÿ±ÿπÿ© ÿ±ÿßÿ≠ÿ© ÿßŸÑŸÜŸÅŸàÿ≥ ÿßŸÑŸÖŸÜÿ≤ŸÅÿ©
226,Bytow,PL,55.99,clear sky,54.17,17.49,Centrum U≈ÅAN SPA
227,Kruisfontein,ZA,59.77,clear sky,-34.0,24.73,Oyster Bay House Rental
228,Lucea,JM,87.8,thunderstorm,18.45,-78.17,Grand Palladium Jamaica Resort & Spa
230,Kahului,US,84.2,scattered clouds,20.89,-156.47,Maui Seaside Hotel
232,Atambua,ID,67.48,broken clouds,-9.11,124.89,Pondok Pesantren Al Muhajirin Atambua
233,Gamba,GA,71.64,clear sky,-2.65,10.0,
234,Dakar,SN,82.4,overcast clouds,14.69,-17.44,Novotel Dakar
236,Aloleng,PH,81.88,overcast clouds,16.13,119.78,Agno Umbrella Rocks
237,Amapa,BR,81.7,overcast clouds,1.0,-52.0,
239,Umea,SE,57.2,broken clouds,63.83,20.26,Hotel Avenue | ProfilHotels
240,Sicuani,PE,58.71,few clouds,-14.27,-71.23,Wilkamayu Hotel
242,San Patricio,MX,87.8,overcast clouds,19.22,-104.7,Hotel Cabo Blanco
244,Lokosovo,RU,62.92,scattered clouds,61.13,74.82,
246,Yima,CN,82.99,overcast clouds,34.74,111.88,Yima Hotel
249,Makakilo City,US,84.2,few clouds,21.35,-158.09,Marriott's Ko Olina Beach Club
251,Wexford,IE,57.2,broken clouds,52.33,-6.46,Talbot Hotel Wexford
252,Kavieng,PG,82.04,clear sky,-2.57,150.8,Nusa Island Retreat
253,Yuanping,CN,66.67,overcast clouds,38.72,112.76,Yuanping Xinghe Guesthouse
255,Duki,PK,87.04,broken clouds,30.15,68.57,Bhari Dada Kaka Hotel
256,Sigli,ID,77.74,broken clouds,5.38,95.96,Hotel Riza
257,Ambilobe,MG,72.18,clear sky,-13.2,49.05,H√¥tel & Restaurant DIANA Ambilobe
258,Eenhana,,57.24,clear sky,-17.47,16.33,Hotel Litu
259,Leh,IN,61.65,clear sky,34.17,77.58,Hotel Ladakh Greens
260,Altamont,US,75.99,clear sky,42.21,-121.74,Microtel Inn & Suites by Wyndham Klamath Falls
262,Tocopilla,CL,67.14,clear sky,-22.09,-70.2,Hotel Galvarino
264,Narsaq,GL,55.4,overcast clouds,60.92,-46.05,Hotel Narsaq
266,Oistins,BB,86.0,scattered clouds,13.07,-59.53,Butterfly Beach Hotel
267,Faya,SA,71.6,overcast clouds,18.39,42.45,ŸÖŸÇÿ®ÿ±ÿ© ÿßŸÑ ŸÖÿ¨ŸÖŸÑ
268,Smoky Lake,CA,59.0,overcast clouds,54.12,-112.47,Country Garden Hotel
269,Norman Wells,CA,64.4,broken clouds,65.28,-126.83,Heritage Hotel
271,Kaohsiung,TW,84.99,scattered clouds,22.62,120.31,Kindness Hotel
273,Acari,PE,69.15,scattered clouds,-15.43,-74.62,Hospedaje Ximens
274,Tabuk,PH,74.34,overcast clouds,17.42,121.44,Grand Zion Garden Resort Hotel
276,San Juan,AR,56.55,overcast clouds,-31.54,-68.54,Hotel Provincial
277,Huarmey,PE,66.69,clear sky,-10.07,-78.15,Hotel Miramar
278,Ilulissat,GL,57.2,broken clouds,69.22,-51.1,Hotel Arctic
281,Hillsborough,US,80.01,clear sky,37.57,-122.38,Hyatt Regency San Francisco Airport
282,Puerto Escondido,MX,84.2,scattered clouds,15.85,-97.07,Aldea del Bazar Hotel and Spa
283,Homer,US,55.4,broken clouds,59.64,-151.55,Beluga Lake Lodge
287,Victoria,HK,86.0,overcast clouds,22.29,114.16,Mini Hotel Central
289,Vila Velha,BR,75.99,clear sky,-20.33,-40.29,Hotel Vit√≥ria Palace
290,Asfi,MA,69.48,clear sky,32.3,-9.24,H√¥tel Abda
291,Nganjuk,ID,74.5,clear sky,-7.61,111.9,Griya Alifia Family
292,Arona,ES,82.4,clear sky,28.1,-16.68,Paradise Court
294,Sept-Iles,CA,64.4,overcast clouds,50.2,-66.38,Comfort Inn
295,Bud,US,84.99,thunderstorm,39.45,-86.18,Madsion Scouts Camp
296,Lima,PE,62.6,overcast clouds,-12.04,-77.03,Gran Hotel Bolivar Lima
297,Mayo,US,88.0,clear sky,38.89,-76.51,Resorts Resource Group International
299,Ariquemes,BR,87.84,scattered clouds,-9.91,-63.04,Hotel Sol Nascente - Ariquemes - RO
301,Aripuana,BR,88.66,few clouds,-9.17,-60.63,
302,Acarau,BR,78.64,scattered clouds,-2.89,-40.12,castelo pizzaria
303,Alibag,IN,84.2,haze,18.64,72.88,"Radisson Blu Resort & Spa - Alibaug, India"
305,Barao De Melgaco,BR,82.4,clear sky,-16.19,-55.97,Tuiuiu Pantanal Hotel
306,Balatonszarszo,HU,68.0,scattered clouds,46.83,17.82,K√©t Korona Konferencia √©s Wellness Hotel - √âtterem
307,Gornopravdinsk,RU,71.8,scattered clouds,60.05,69.9,
308,Sao Filipe,CV,78.33,broken clouds,14.9,-24.5,Tortuga B&B
310,Plettenberg Bay,ZA,69.6,scattered clouds,-34.05,23.37,Thanda Vista B&B
313,Kailua,US,84.2,broken clouds,21.4,-157.74,Sheffield House Bed & Breakfast
314,Faanui,PF,76.03,broken clouds,-16.48,-151.75,Bora-Bora Pearl Beach Resort & Spa
316,Jackson,US,81.0,clear sky,42.42,-122.83,Agate Village Apartments
317,Tonder,DK,55.4,scattered clouds,54.93,8.87,Fils√∏ Hotel (Bowler Inn)
318,Abasha,GE,73.4,overcast clouds,42.21,42.22,–≥–ª—Å—Ç–∏–Ω–∏—Ü–∞
319,Catamarca,AR,66.99,clear sky,-28.47,-65.79,Amerian Catamarca Park Hotel
320,Quatre Cocos,MU,71.6,broken clouds,-20.21,57.76,Veranda Palmar Beach Hotel
321,Nemea,GR,79.0,clear sky,37.82,22.67,villa Axiothea nemea
322,Port-Cartier,CA,64.4,overcast clouds,50.03,-66.87,Le Q'Artier
323,Krasnoarmeysk,RU,75.56,clear sky,51.02,45.7,Gostinitsa Komfort
324,Waingapu,ID,73.53,clear sky,-9.66,120.26,Pondok Wisata Elim
325,Qasigiannguit,GL,57.2,broken clouds,68.82,-51.19,
328,Cody,US,79.0,clear sky,44.53,-109.06,Buffalo Bill (Cabins) Village
329,Vallenar,CL,73.9,clear sky,-28.57,-70.76,Humacao Bed & Breakfast
330,Vila Franca Do Campo,PT,68.0,broken clouds,37.72,-25.43,Pestana Bahia Praia
332,Lompoc,US,66.0,clear sky,34.64,-120.46,Holiday Inn Express Lompoc
334,Srednekolymsk,RU,61.61,overcast clouds,67.45,153.68,
341,Mackenzie,CA,64.4,broken clouds,55.3,-123.17,Hilton Shop
342,Sitka,US,57.2,broken clouds,57.05,-135.33,Westmark Sitka
343,Nalut,LY,78.6,clear sky,30.33,10.85,
344,Eyl,SO,81.16,scattered clouds,7.98,49.82,Amiin Hotel
345,Hofn,IS,55.4,shower rain,64.25,-15.21,H√≥tel H√∂fn
348,Nizhniy Odes,RU,73.02,broken clouds,63.64,54.86,
349,Bagdarin,RU,56.01,clear sky,54.43,113.6,Gostevoy Dom Terem
351,Grevesmuhlen,DE,57.0,broken clouds,53.87,11.18,Ringhotel am See
352,Zoutleeuw,BE,62.01,overcast clouds,50.83,5.1,Hotel Stayen
353,Mayumba,GA,71.82,clear sky,-3.43,10.66,LIKWALE LODGE
354,Roebourne,AU,66.0,clear sky,-20.78,117.13,Harding River Caravan Park
355,Cururupu,BR,78.03,clear sky,-1.83,-44.87,Pousada Trav√©s'cia
356,Cabatuan,PH,76.93,overcast clouds,10.88,122.49,Tobias Hime
357,Taganak,PH,78.8,few clouds,6.08,118.3,
359,Tamandare,BR,76.26,clear sky,-8.76,-35.1,Pousada 100 Passos
362,Carnarvon,AU,55.4,clear sky,-24.87,113.63,Hospitality Carnarvon
363,Valparaiso,CL,62.6,scattered clouds,-33.04,-71.63,Hotel Ultramar
364,Kundiawa,PG,58.68,few clouds,-6.02,144.97,Kundiawa Hotel
365,High River,CA,64.99,overcast clouds,50.58,-113.87,Super 8 by Wyndham High River AB
366,Yemelyanovo,RU,66.2,overcast clouds,56.17,92.68,Zaimka Emelyanovskaya Gorka
368,Kefalos,GR,80.6,clear sky,36.75,26.96,Kokalakis Hotel
369,Liberia,LR,71.94,overcast clouds,6.5,-9.5,
372,Bardiyah,LY,74.39,clear sky,31.76,25.09,ÿ®Ÿàÿ±ÿ™Ÿà ÿ®ÿ±ÿØŸäÿ©
373,Bolobo,CD,77.94,clear sky,-2.17,16.23,
376,Elizabeth City,US,84.99,clear sky,36.29,-76.25,Hampton Inn Elizabeth City
379,Saint Stephen,GB,61.0,overcast clouds,50.33,-4.9,4 stepaside corner
380,Vanimo,PG,77.11,broken clouds,-2.67,141.3,Vahmoneh Lodge Vanimo
381,Zheleznodorozhnyy,RU,64.4,broken clouds,55.75,38.0,Hotel Dali
382,Huayucachi,PE,64.06,clear sky,-12.13,-75.23,Hostal Molinos
383,Port Hawkesbury,CA,62.01,scattered clouds,45.62,-61.35,Hearthstone Inn Port Hawkesbury
384,Devils Lake,US,77.0,clear sky,48.11,-98.87,Holiday Inn Express Devils Lake
386,Hastings,GB,62.01,overcast clouds,50.86,0.57,Zanzibar Hotel
387,Bambous Virieux,MU,71.6,broken clouds,-20.34,57.76,Casa Tia Villa
388,Jardim,BR,60.96,overcast clouds,-21.48,-56.14,Hotel Est√¢ncia
389,Stuttgart,DE,69.01,broken clouds,48.78,9.18,Hotel Motel One Stuttgart-Mitte
391,Nishihara,JP,82.4,broken clouds,26.18,127.76,Minshuku Agaihama
392,Yumen,CN,68.76,broken clouds,40.28,97.2,
393,Luderitz,,60.8,scattered clouds,-26.65,15.16,L√úDERITZ NEST HOTEL
394,Pokrovskoye,RU,75.0,overcast clouds,47.42,38.9,
399,San Jeronimo,PE,62.64,clear sky,-11.95,-75.28,Tuki Llajta Pueblo Bonito Eco Lodge
400,Mogadishu,SO,78.64,overcast clouds,2.04,45.34,Hotel Juba
401,Noumea,NC,66.99,overcast clouds,-22.28,166.46,H√¥tel Le Lagon
402,Shahreza,IR,74.17,broken clouds,32.03,51.88,ÿÆŸàÿßÿ®⁄ØÿßŸá
403,Beloha,MG,64.69,clear sky,-25.17,45.05,
406,Vila,PT,73.99,clear sky,42.03,-8.16,Hotel Castrum Villae
409,Lichinga,MZ,64.4,broken clouds,-13.31,35.24,Residencial Bendiak
410,Tibiao,PH,81.39,overcast clouds,11.29,122.04,Kasa Raya Inn
411,Ankazoabo,MG,61.12,clear sky,-22.28,44.52,
412,Poum,NC,69.49,few clouds,-20.23,164.02,G√Æte kajeon
415,Gorontalo,ID,75.27,overcast clouds,0.54,123.06,Maqna Hotel by Prasanthi
416,San Gabriel,US,88.0,clear sky,34.1,-118.11,Hilton Los Angeles/San Gabriel
418,Kaspiysk,RU,84.0,broken clouds,42.88,47.64,Alima Hostel
419,Linjiang,CN,55.38,clear sky,41.81,126.91,Mingmen Business Hotel
422,Salalah,OM,82.4,broken clouds,17.02,54.09,HAMDAN PLAZA HOTEL
424,Malakal,SS,74.61,overcast clouds,9.53,31.66,Nile Palace Hotel
427,Anadyr,RU,64.4,clear sky,64.75,177.48,"–ì–æ—Å—Ç–∏–Ω–∏—Ü–∞ ""–ê–Ω–∞–¥—ã—Ä—å"""
430,Hohhot,CN,62.6,scattered clouds,40.81,111.65,Sheraton Hohhot Hotel
431,Newport,GB,62.01,overcast clouds,51.59,-3.0,ibis budget Newport
434,Labuhan,ID,75.45,scattered clouds,-6.88,112.21,bador sepret
435,De-Kastri,RU,56.59,overcast clouds,51.47,140.78,Somon Hotel
439,Lieksa,FI,56.03,clear sky,63.32,30.02,Kaatrahovi
442,The Valley,AI,87.8,few clouds,18.22,-63.06,CeBlue Villas & Beach Resort
443,Kasulu,TZ,71.6,clear sky,-4.58,30.1,Capital Lodge
445,Matara,LK,79.7,overcast clouds,5.95,80.54,Amaloh Boutique Resort
446,Constantine,DZ,73.4,clear sky,36.37,6.61,Grand Hotel Cirta
447,Jiangyou,CN,74.57,overcast clouds,31.77,104.72,Shangping Shuyuan Inn
448,Namatanai,PG,79.61,broken clouds,-3.67,152.43,Namatanai Hotel
449,Grand Gaube,MU,68.0,clear sky,-20.01,57.66,Veranda Paul et Virginie Hotel & Spa
450,Kabompo,ZM,56.75,clear sky,-13.59,24.2,Faroja City Iyindeko Cas-jay
452,Conde,BR,78.8,clear sky,-7.26,-34.91,Pousada Beija Flor
453,Katav-Ivanovsk,RU,63.46,clear sky,54.75,58.2,Guest House U Zigalgi
454,Kamiiso,JP,64.74,scattered clouds,41.82,140.65,„Éì„Ç∏„Éç„ÇπÊ∞ëÂÆø„ÅÇ„Åπ
455,Pasir Gudang,MY,78.8,light rain,1.46,103.88,Swan Garden Hotel
456,Hambantota,LK,78.8,overcast clouds,6.12,81.12,Bungalow 63
458,Miraflores,MX,73.0,moderate rain,19.22,-98.81,Hotel Mansi√≥n
459,Tomaszow Mazowiecki,PL,55.99,overcast clouds,51.53,20.01,Hotel Mazowiecki
464,Jacareacanga,BR,85.77,scattered clouds,-6.22,-57.75,Casa do Ianüòé
465,Jalu,LY,79.38,clear sky,29.03,21.55,Jalu Hotel
466,Fortuna,US,63.0,clear sky,40.6,-124.16,Super 8 by Wyndham Fortuna
468,Sechura,PE,73.51,few clouds,-5.56,-80.82,Hospedaje Costa Bella
469,Chipinge,ZW,55.15,broken clouds,-20.19,32.62,Mutare Club
471,Gambo,CF,71.26,overcast clouds,4.65,22.26,
472,Soyo,AO,73.9,clear sky,-6.13,12.37,Hotel Mpampa
473,Trincomalee,LK,80.28,overcast clouds,8.57,81.23,Welcombe Hotel
475,Kimbe,PG,75.24,scattered clouds,-5.55,150.14,Kimbe Bay Hotel
476,Sur,OM,86.11,overcast clouds,22.57,59.53,Sur Plaza Hotel
478,Itoman,JP,82.4,broken clouds,26.12,127.67,Southern Beach Hotel & Resort Okinawa
479,Makhachkala,RU,84.0,broken clouds,42.98,47.5,Argo
480,Madang,PG,76.46,overcast clouds,-5.22,145.8,Comfort Inn Hotel
481,Cabra,ES,87.8,clear sky,37.47,-4.44,MS Fuente Las Piedras
482,Ca Mau,VN,77.32,overcast clouds,9.18,105.15,Kh√°ch S·∫°n M∆∞·ªùng Thanh Luxury C√† Mau
483,Barra,BR,79.36,clear sky,-11.09,-43.14,Pousada Bahia
486,Ibirapitanga,BR,68.83,clear sky,-14.16,-39.37,Pousada Brasil
487,Antsohihy,MG,76.41,clear sky,-14.88,47.99,Hotel de Ville
489,Marsa Matruh,EG,75.2,scattered clouds,31.35,27.25,Beau Site
490,Mocuba,MZ,62.96,clear sky,-16.84,36.99,Phama Lodge
491,Honiara,SB,75.2,broken clouds,-9.43,159.95,Heritage Park Hotel
493,Portland,US,72.0,broken clouds,45.52,-122.68,Portland Marriott City Center
494,Yeppoon,AU,59.0,broken clouds,-23.13,150.73,Villa Mar Colina
496,Port Hardy,CA,59.0,overcast clouds,50.7,-127.42,Airport Inn
497,Cap Malheureux,MU,68.0,clear sky,-19.98,57.61,Pereybere Hotel & Spa
498,Kamaishi,JP,69.64,overcast clouds,39.27,141.88,Hotel Route Inn Kamaishi
499,Zeya,RU,60.85,few clouds,53.75,127.27,Kapital Inn
500,Boende,CD,78.24,scattered clouds,-0.22,20.87,
502,Gouyave,GD,86.0,few clouds,12.16,-61.73,Rumboat Retreat
503,Mamontovo,RU,59.85,scattered clouds,52.71,81.62,Hostel Postoyaliy Dvor
507,Hailar,CN,66.67,overcast clouds,49.2,119.7,Holiday Inn & Suites Hulunbuir
513,Wawa,NG,78.15,broken clouds,9.9,4.42,
515,Saint-Georges,GD,86.0,few clouds,12.06,-61.75,Radisson Grenada Beach Resort
516,Pitimbu,BR,78.8,clear sky,-7.47,-34.81,Reserva do Abia√≠
517,Superior,US,86.0,scattered clouds,46.72,-92.1,Holiday Inn Express & Suites Superior - Duluth Area
518,Ngerengere,TZ,75.2,broken clouds,-6.75,38.12,
521,Pilar,BR,77.0,few clouds,-9.6,-35.96,Pousada Manguaba
522,Ketchikan,US,60.8,overcast clouds,55.34,-131.65,Snows Cove Lodge
523,El Alto,PE,75.2,broken clouds,-4.27,-81.21,Black Marlin Lodge & Restaurant
524,Nemuro,JP,59.61,clear sky,43.32,145.57,Hotel Nemuro Kaiyoutei
527,Sinazongwe,ZM,66.87,clear sky,-17.26,27.46,Lakeview Lodge
528,Khuzhir,RU,55.02,overcast clouds,53.19,107.34,–û—Ç–µ–ª—å –Ω–∞ –æ–∑–µ—Ä–µ –ë–∞–π–∫–∞–ª Baikal View
531,Coutances,FR,60.01,scattered clouds,49.05,-1.43,Hotel La Pocatiere
532,Pundaguitan,PH,82.99,overcast clouds,6.37,126.17,Leonardo Family Beach House 1
533,Awjilah,LY,78.04,clear sky,29.11,21.29,
535,Zyryanka,RU,55.29,overcast clouds,65.75,150.85,Zyryanka
538,Matehuala,MX,87.22,clear sky,23.65,-100.65,Las Palmas Midway Inn
539,Brookhaven,US,79.0,overcast clouds,31.58,-90.44,Americas Best Value Inn Brookhaven
540,Batticaloa,LK,81.1,overcast clouds,7.71,81.69,Grand Star Guest House
542,Timmins,CA,86.0,scattered clouds,48.47,-81.33,The Senator Hotel & Conference Centre
543,Balagunan,PH,73.69,overcast clouds,7.49,125.52,
545,Katobu,ID,73.96,broken clouds,-4.94,122.53,La Ode Husein
547,Cape Canaveral,US,80.6,clear sky,28.41,-80.6,Residence Inn by Marriott Cape Canaveral Cocoa Beach
552,Chapais,CA,77.0,moderate rain,49.78,-74.85,H√¥tel Op√©miska
553,Ndola,ZM,56.19,clear sky,-12.96,28.64,Chabanga Lodge iSpot
554,Fethiye,TR,69.8,few clouds,36.62,29.12,Club & Hotel Letoonia
555,Berndorf,AT,66.99,few clouds,47.95,16.11,Hotel Kaiservilla
556,Nantucket,US,71.6,clear sky,41.28,-70.1,Jared Coffin House
557,Halifax,CA,62.01,overcast clouds,44.65,-63.57,Hotel Halifax
558,Kysyl-Syr,RU,58.62,few clouds,63.9,122.76,
