City_ID,City,Country,Lat,Lng,Max Temp,Humidity,Cloudiness,Wind Speed,Current Description,Rain (Inches),Snow (Inches)
0,Tiruchchendur,IN,8.48,78.12,81.25,71,100,12.66,moderate rain,1.2,0
1,Yellowknife,CA,62.46,-114.35,64.4,45,40,5.82,scattered clouds,0.0,0
2,College,US,64.86,-147.8,57.99,76,90,2.42,overcast clouds,0.0,0
3,Bulawayo,ZW,-20.15,28.58,55.13,62,48,14.74,scattered clouds,0.0,0
4,Ushuaia,AR,-54.8,-68.3,41.0,75,40,8.05,scattered clouds,0.0,0
5,Sterling,US,39.01,-77.43,91.99,36,1,3.36,clear sky,0.0,0
6,Katsuura,JP,35.13,140.3,75.2,100,75,10.29,mist,0.0,0
7,Punta Arenas,CL,-53.15,-70.92,32.0,91,75,5.82,broken clouds,0.0,0
8,Hobart,AU,-42.88,147.33,37.4,86,20,8.05,few clouds,0.0,0
9,Barrow,US,71.29,-156.79,44.6,70,1,16.11,clear sky,0.0,0
10,Puerto Ayora,EC,-0.74,-90.35,71.01,89,89,5.01,overcast clouds,0.0,0
11,Trelew,AR,-43.25,-65.31,47.35,52,0,15.5,clear sky,0.0,0
12,Werder,DE,52.38,12.93,61.0,84,88,5.39,overcast clouds,0.0,0
13,Codrington,AU,-38.27,141.97,40.21,91,0,8.66,clear sky,0.0,0
14,Bredasdorp,ZA,-34.53,20.04,46.4,87,100,1.12,overcast clouds,0.0,0
15,Castro,BR,-24.79,-50.01,57.97,93,100,6.93,overcast clouds,0.0,0
16,Jamestown,US,42.1,-79.24,80.6,74,90,5.82,light rain,0.76,0
17,Mairana,BO,-18.12,-63.93,56.3,79,56,4.36,broken clouds,0.0,0
18,Oriximina,BR,-1.77,-55.87,85.06,68,54,3.22,broken clouds,0.0,0
19,New Norfolk,AU,-42.78,147.06,35.01,93,26,2.62,scattered clouds,0.0,0
20,Atuona,PF,-9.8,-139.03,79.54,77,7,13.65,clear sky,0.0,0
21,Kodiak,US,57.79,-152.41,60.8,63,90,6.93,overcast clouds,0.0,0
22,Moriyama,JP,35.07,135.98,73.99,97,100,1.39,light rain,0.75,0
23,Clyde River,CA,70.47,-68.59,37.4,93,90,6.93,overcast clouds,0.0,0
24,Olafsvik,IS,64.89,-23.71,49.03,72,9,13.27,clear sky,0.0,0
25,Busselton,AU,-33.65,115.33,43.0,88,91,6.51,overcast clouds,0.0,0
26,Antofagasta,CL,-23.65,-70.4,60.8,72,0,9.17,clear sky,0.0,0
27,Kapaa,US,22.08,-159.32,82.4,65,75,14.99,broken clouds,0.0,0
28,Saskylakh,RU,71.92,114.08,55.44,70,33,11.18,scattered clouds,0.0,0
29,Palmer,US,42.16,-72.33,82.4,65,75,12.75,broken clouds,0.0,0
30,Vardo,NO,70.37,31.11,46.4,100,75,11.41,light intensity shower rain,0.0,0
31,Rikitea,PF,-23.12,-134.97,67.71,63,12,18.77,few clouds,0.0,0
32,Laguna,US,38.42,-121.42,93.99,24,1,5.55,clear sky,0.0,0
33,Mahebourg,MU,-20.41,57.7,71.6,60,75,12.75,broken clouds,0.0,0
34,Xiaoweizhai,CN,26.19,107.51,71.37,94,100,2.51,light rain,0.39,0
35,Kitimat,CA,54.05,-128.65,62.6,63,90,10.29,overcast clouds,0.0,0
36,Severo-Kurilsk,RU,50.68,156.12,48.02,92,100,16.17,light rain,0.18,0
37,Sinnamary,GF,5.38,-52.95,80.15,79,27,6.38,scattered clouds,0.0,0
38,Santa Lucia,ES,27.91,-15.54,82.4,42,0,23.04,clear sky,0.0,0
39,Lagoa,PT,39.05,-27.98,68.97,81,95,7.65,overcast clouds,0.0,0
40,Qaanaaq,GL,77.48,-69.36,47.01,54,0,2.42,clear sky,0.0,0
41,Ribeira Grande,PT,38.52,-28.7,69.8,73,75,5.82,broken clouds,0.0,0
42,Tiksi,RU,71.69,128.87,35.01,95,100,6.6,overcast clouds,0.0,0
43,Gat,IL,31.61,34.76,80.01,72,0,6.31,clear sky,0.0,0
44,Butaritari,KI,3.07,172.79,83.12,77,9,17.76,clear sky,0.0,0
45,Georgetown,MY,5.41,100.34,78.8,88,20,3.36,few clouds,0.0,0
46,Mataura,NZ,-46.19,168.86,39.0,83,84,3.0,broken clouds,0.0,0
47,Goundam,ML,16.41,-3.67,100.99,16,32,10.69,scattered clouds,0.0,0
48,Port Blair,IN,11.67,92.75,80.28,78,90,5.73,overcast clouds,0.0,0
49,Cape Town,ZA,-33.93,18.42,57.2,47,82,3.36,broken clouds,0.0,0
50,Bluff,NZ,-46.6,168.33,39.0,83,69,3.0,broken clouds,0.0,0
51,Tuktoyaktuk,CA,69.45,-133.04,37.4,93,90,5.82,overcast clouds,0.0,0
52,Santa Rosa,PH,14.31,121.11,81.0,80,59,3.8,broken clouds,0.0,0
53,Avarua,CK,-21.21,-159.78,75.2,69,49,16.11,scattered clouds,0.0,0
54,Oktyabrskoye,RU,43.06,44.74,71.6,94,100,4.47,overcast clouds,0.0,0
55,Pran Buri,TH,12.38,99.91,77.92,86,100,5.08,overcast clouds,0.0,0
56,Kyzyl-Suu,KG,42.34,78.0,61.38,43,95,4.63,overcast clouds,0.0,0
57,Vaini,TO,-21.2,-175.2,73.4,88,75,3.36,broken clouds,0.0,0
58,Mahibadhoo,MV,3.78,72.97,83.48,71,58,5.91,broken clouds,0.0,0
59,Port Alfred,ZA,-33.59,26.89,68.14,40,0,14.07,clear sky,0.0,0
60,Klyuchi,RU,52.27,79.17,63.45,85,12,6.53,few clouds,0.0,0
61,Kibray,UZ,41.39,69.46,78.8,44,0,6.93,smoke,0.0,0
62,Constitucion,CL,-35.33,-72.42,51.33,65,62,6.38,broken clouds,0.0,0
63,Hilo,US,19.73,-155.09,77.0,83,90,3.36,moderate rain,1.66,0
64,Barcelos,PT,41.54,-8.62,70.0,93,40,3.36,scattered clouds,0.0,0
65,Hovd,MN,48.01,91.64,58.95,64,100,4.97,overcast clouds,0.0,0
66,Aquiraz,BR,-3.9,-38.39,82.4,65,13,16.11,few clouds,0.0,0
67,Hobyo,SO,5.35,48.53,78.94,79,95,28.36,overcast clouds,0.0,0
68,Beringovskiy,RU,63.05,179.32,56.88,63,5,5.37,clear sky,0.0,0
69,Lata,PT,40.16,-8.33,69.01,76,0,1.99,clear sky,0.0,0
70,Mangrol,IN,21.12,70.12,83.88,80,21,19.35,few clouds,0.0,0
71,Richards Bay,ZA,-28.78,32.04,61.52,78,0,10.71,clear sky,0.0,0
72,Arraial Do Cabo,BR,-22.97,-42.03,82.4,69,0,11.41,clear sky,0.0,0
73,Ulladulla,AU,-35.35,150.47,45.0,100,0,5.82,clear sky,0.0,0
74,Sola,VU,-13.88,167.55,79.66,84,100,27.58,light rain,0.49,0
75,Hamilton,US,39.18,-84.53,95.0,55,40,5.82,scattered clouds,0.0,0
76,Rincon,US,32.3,-81.24,89.6,59,75,10.29,light rain,0.25,0
77,Simbahan,PH,6.3,120.58,82.51,73,91,4.32,overcast clouds,0.0,0
78,Chuy,UY,-33.7,-53.46,48.04,93,100,16.84,moderate rain,1.2,0
79,Taoudenni,ML,22.68,-3.98,98.44,9,0,14.32,clear sky,0.0,0
80,Bad Orb,DE,50.23,9.35,59.0,96,100,1.92,light rain,0.38,0
81,Kampot,KH,10.62,104.18,77.0,94,40,1.12,scattered clouds,0.0,0
82,Chokurdakh,RU,70.63,147.92,43.77,87,96,9.04,light rain,0.13,0
83,Pierre,US,44.37,-100.35,86.0,61,75,6.93,broken clouds,0.0,0
84,Albany,US,42.6,-73.97,82.99,69,26,5.64,moderate rain,1.52,0
85,Pokrovka,KG,42.34,78.01,61.12,43,95,4.63,overcast clouds,0.0,0
86,Hasaki,JP,35.73,140.83,75.0,100,75,4.7,light intensity shower rain,0.0,0
87,Naze,JP,28.37,129.48,80.6,100,75,8.05,broken clouds,0.0,0
88,Tazovskiy,RU,67.47,78.7,50.99,79,66,15.84,broken clouds,0.0,0
89,Saint-Joseph,RE,-21.37,55.62,68.0,68,27,6.93,scattered clouds,0.0,0
90,Khovu-Aksy,RU,51.13,93.6,49.21,81,0,2.98,clear sky,0.0,0
91,Jacmel,HT,18.23,-72.53,89.6,62,75,10.29,broken clouds,0.0,0
92,Khatanga,RU,71.97,102.5,60.48,55,4,17.87,clear sky,0.0,0
93,Aitape,PG,-3.14,142.35,77.18,84,43,6.13,scattered clouds,0.0,0
94,Kembolcha,ET,11.08,39.74,66.2,67,100,5.1,light rain,0.99,0
95,Nikolskoye,RU,59.7,30.79,60.8,63,75,2.24,broken clouds,0.0,0
96,East London,ZA,-33.02,27.91,67.33,46,0,13.11,clear sky,0.0,0
97,Ewa Beach,US,21.32,-158.01,84.2,51,20,9.17,few clouds,0.0,0
98,Arman,RU,59.7,150.17,50.9,95,100,8.32,moderate rain,1.87,0
99,Leningradskiy,RU,69.38,178.42,47.32,73,0,9.04,clear sky,0.0,0
100,Channel-Port Aux Basques,CA,47.57,-59.14,59.58,78,100,14.12,overcast clouds,0.0,0
101,Twin Falls,US,42.56,-114.46,75.2,29,1,8.05,clear sky,0.0,0
102,Raudeberg,NO,61.99,5.14,51.01,88,100,12.35,light rain,0.64,0
103,Dingle,PH,11.0,122.67,77.34,84,100,3.0,light rain,0.43,0
104,Fairbanks,US,64.84,-147.72,57.99,76,90,5.82,overcast clouds,0.0,0
105,Ambanja,MG,-13.68,48.45,70.41,86,0,2.98,clear sky,0.0,0
106,Zhigansk,RU,66.77,123.37,58.51,51,0,10.87,clear sky,0.0,0
107,Erzin,TR,36.96,36.2,78.01,81,2,0.4,clear sky,0.0,0
108,Paamiut,GL,61.99,-49.67,44.01,81,100,21.41,overcast clouds,0.0,0
109,Anzio,IT,41.49,12.62,75.99,88,0,1.01,clear sky,0.0,0
110,Hermanus,ZA,-34.42,19.23,60.13,47,87,6.22,overcast clouds,0.0,0
111,Lebu,CL,-37.62,-73.65,49.57,75,100,9.1,light rain,0.19,0
112,Yar-Sale,RU,66.83,70.83,53.24,66,20,11.07,few clouds,0.0,0
113,Weinan,CN,34.5,109.51,84.0,83,58,8.95,broken clouds,0.0,0
114,Gawler,AU,-34.6,138.73,46.0,77,10,3.0,clear sky,0.0,0
115,Mae Sai,TH,20.43,99.88,77.0,100,20,3.36,few clouds,0.0,0
116,Magnor,SE,59.95,12.2,55.4,66,5,6.93,clear sky,0.0,0
117,Chabahar,IR,25.29,60.64,87.8,79,94,5.14,overcast clouds,0.0,0
118,Vierzon,FR,47.21,2.06,71.6,68,35,3.56,scattered clouds,0.0,0
119,Millet,CA,53.1,-113.47,59.0,100,90,12.75,mist,0.0,0
120,Benguela,AO,-12.58,13.41,66.9,86,0,2.71,clear sky,0.0,0
121,Pascagoula,US,30.37,-88.56,86.0,83,1,5.77,clear sky,0.0,0
122,Raymond Terrace,AU,-32.75,151.75,44.01,100,75,4.7,broken clouds,0.0,0
123,Iqaluit,CA,63.75,-68.51,44.6,93,90,2.24,overcast clouds,0.0,0
124,Banda Aceh,ID,5.56,95.32,79.81,64,66,4.59,broken clouds,0.0,0
125,Thompson,CA,55.74,-97.86,77.0,36,75,2.24,broken clouds,0.0,0
126,Alofi,NU,-19.06,-169.92,75.2,94,75,5.82,broken clouds,0.0,0
127,San Andres,CO,12.58,-81.7,86.0,79,90,10.29,overcast clouds,0.0,0
128,Cherskiy,RU,68.75,161.3,67.71,46,68,9.66,broken clouds,0.0,0
129,Shimoda,JP,34.67,138.95,70.0,94,100,1.01,light rain,0.32,0
130,Northam,GB,51.03,-4.22,60.01,100,100,15.99,overcast clouds,0.0,0
131,Diapaga,BF,12.07,1.79,84.58,61,37,6.26,light rain,0.51,0
132,Pangai,TO,-19.8,-174.35,73.4,83,75,10.29,broken clouds,0.0,0
133,Torbay,CA,47.67,-52.73,63.0,63,20,10.29,few clouds,0.0,0
134,Phan Thiet,VN,10.93,108.1,75.65,86,100,3.13,overcast clouds,0.0,0
135,Sao Felix Do Xingu,BR,-6.64,-51.99,82.09,59,59,1.7,broken clouds,0.0,0
136,Bengkulu,ID,-3.8,102.27,74.16,89,90,4.09,light rain,0.15,0
137,Geraldton,AU,-28.77,114.6,48.2,93,0,12.37,clear sky,0.0,0
138,Nyurba,RU,63.28,118.33,57.88,69,45,5.28,scattered clouds,0.0,0
139,Burns Lake,CA,54.23,-125.75,66.76,38,91,6.82,overcast clouds,0.0,0
140,Belmonte,BR,-15.86,-38.88,75.2,73,20,4.7,few clouds,0.0,0
141,Isangel,VU,-19.55,169.27,64.4,100,75,3.36,broken clouds,0.0,0
142,Provideniya,RU,64.38,-173.3,44.6,87,90,4.47,light rain,0.0,0
143,Dudinka,RU,69.41,86.18,50.0,87,75,22.37,broken clouds,0.0,0
144,Barabinsk,RU,55.36,78.36,64.22,93,67,7.92,broken clouds,0.0,0
145,Quang Ngai,VN,15.12,108.8,76.6,81,100,4.16,overcast clouds,0.0,0
146,Puerto Palomas,MX,31.77,-107.62,101.3,9,0,6.8,clear sky,0.0,0
147,Yenagoa,NG,4.92,6.26,75.0,94,97,2.84,overcast clouds,0.0,0
148,Marzuq,YE,14.4,46.47,84.6,33,82,2.55,broken clouds,0.0,0
149,Foam Lake,CA,51.65,-103.53,69.1,66,41,16.11,scattered clouds,0.0,0
150,Longyearbyen,SJ,78.22,15.64,44.6,81,75,5.82,broken clouds,0.0,0
151,Margate,GB,51.38,1.39,64.0,95,93,1.99,light rain,0.38,0
152,Dikson,RU,73.51,80.55,42.85,87,39,14.79,scattered clouds,0.0,0
153,Saint-Philippe,RE,-21.36,55.77,68.0,68,58,6.93,broken clouds,0.0,0
154,Haines Junction,CA,60.75,-137.51,63.09,32,40,5.59,scattered clouds,0.0,0
155,Erenhot,CN,43.65,111.98,74.35,47,100,12.08,overcast clouds,0.0,0
156,Coquimbo,CL,-29.95,-71.34,59.0,67,0,11.41,clear sky,0.0,0
157,Porto Tolle,IT,44.95,12.32,73.0,67,0,5.23,clear sky,0.0,0
158,Mount Isa,AU,-20.73,139.5,48.2,66,0,14.5,clear sky,0.0,0
159,Ballina,AU,-28.87,153.57,54.0,100,90,5.82,overcast clouds,0.0,0
160,Nsanje,MW,-16.92,35.26,68.38,76,98,3.53,overcast clouds,0.0,0
161,Bulungu,CD,-4.55,18.6,77.34,46,0,0.85,clear sky,0.0,0
162,Mayor Pablo Lagerenza,PY,-19.93,-60.77,57.09,63,98,5.01,overcast clouds,0.0,0
163,Loandjili,CG,-4.76,11.86,73.4,88,75,2.24,broken clouds,0.0,0
164,Shetpe,KZ,44.17,52.12,82.89,24,0,5.82,clear sky,0.0,0
165,Kalmar,SE,56.66,16.36,57.0,71,67,9.17,broken clouds,0.0,0
166,Rio Real,BR,-11.48,-37.93,70.52,94,48,5.7,light rain,0.22,0
167,Murchison,NZ,-41.8,172.33,35.26,80,4,1.59,clear sky,0.0,0
168,Kupiskis,LT,55.83,24.97,47.79,92,31,5.82,scattered clouds,0.0,0
169,Los Llanos De Aridane,ES,28.66,-17.92,81.0,78,20,16.11,few clouds,0.0,0
170,Zhanakorgan,KZ,43.91,67.25,78.46,25,0,6.98,clear sky,0.0,0
171,Saint George,US,37.1,-113.58,100.99,6,1,3.36,clear sky,0.0,0
172,Cedar Falls,US,42.53,-92.45,95.0,47,20,12.75,few clouds,0.0,0
173,Kon Tum,VN,14.35,108.0,69.48,93,100,0.74,overcast clouds,0.0,0
174,Sorkjosen,NO,69.8,20.93,48.6,76,7,1.97,clear sky,0.0,0
175,Tucson,US,32.22,-110.93,104.0,18,20,6.93,few clouds,0.0,0
176,Baoding,CN,38.85,115.49,70.0,88,100,6.87,moderate rain,1.74,0
177,Kingsville,US,27.52,-97.86,98.6,53,40,18.34,scattered clouds,0.0,0
178,Cidreira,BR,-30.18,-50.21,55.92,87,87,22.7,light rain,0.16,0
179,Hithadhoo,MV,-0.6,73.08,84.69,69,14,4.85,few clouds,0.0,0
180,Celestun,MX,20.87,-90.4,88.79,62,1,15.03,clear sky,0.0,0
181,Port Elizabeth,ZA,-33.92,25.57,59.0,67,0,9.17,clear sky,0.0,0
182,Ayan,RU,56.45,138.17,50.32,87,4,4.68,clear sky,0.0,0
183,Bandarbeyla,SO,9.49,50.81,79.95,73,18,27.96,few clouds,0.0,0
184,Aykhal,RU,66.0,111.5,53.6,62,75,8.95,broken clouds,0.0,0
185,Mikuni,JP,36.22,136.15,71.6,100,75,1.12,light intensity shower rain,0.0,0
186,Mato Verde,BR,-15.4,-42.87,78.78,37,10,1.23,clear sky,0.0,0
187,Namibe,AO,-15.2,12.15,65.8,84,0,2.39,clear sky,0.0,0
188,Gull Lake,CA,50.1,-108.48,57.2,87,90,28.86,light rain,0.0,0
189,Inhambane,MZ,-23.86,35.38,68.0,88,20,6.93,few clouds,0.0,0
190,Birao,CF,10.28,22.79,74.5,86,85,6.15,light rain,0.94,0
191,Lavrentiya,RU,65.58,-171.0,47.77,81,18,5.19,few clouds,0.0,0
192,Upernavik,GL,72.79,-56.15,42.85,69,34,10.67,scattered clouds,0.0,0
193,Bilibino,RU,68.05,166.44,63.14,52,80,2.89,broken clouds,0.0,0
194,Eslov,SE,55.84,13.3,57.0,87,3,9.17,light rain,0.0,0
195,Aklavik,CA,68.22,-135.01,50.0,71,40,4.7,scattered clouds,0.0,0
196,Bantry,IE,51.68,-9.45,59.0,93,75,13.87,light intensity drizzle,0.0,0
197,Audru,EE,58.41,24.37,55.0,80,2,10.0,clear sky,0.0,0
198,Mareeba,AU,-17.0,145.43,69.8,77,56,10.29,broken clouds,0.0,0
199,Avera,US,33.19,-82.53,86.0,70,90,5.82,overcast clouds,0.0,0
200,Nelson,NZ,-41.28,173.28,34.0,89,1,3.0,clear sky,0.0,0
201,Cockburn Town,TC,21.46,-71.14,84.18,79,0,18.43,clear sky,0.0,0
202,Muli,MV,2.92,73.57,83.77,69,71,4.9,broken clouds,0.0,0
203,Malanville,BJ,11.87,3.39,82.62,63,78,8.77,broken clouds,0.0,0
204,Mar Del Plata,AR,-38.0,-57.56,48.0,70,77,5.82,broken clouds,0.0,0
205,Tasiilaq,GL,65.61,-37.64,44.6,65,0,16.11,clear sky,0.0,0
206,Ponta Do Sol,PT,32.67,-17.1,71.01,74,0,3.83,clear sky,0.0,0
207,Nanortalik,GL,60.14,-45.24,44.17,79,100,5.06,overcast clouds,0.0,0
208,Caravelas,BR,-17.71,-39.25,71.4,76,0,3.53,clear sky,0.0,0
209,Amga,RU,60.9,131.96,58.5,83,22,1.7,few clouds,0.0,0
210,Kita,ML,13.03,-9.49,71.11,78,83,7.14,very heavy rain,23.29,0
211,Sakakah,SA,29.97,40.21,89.6,14,0,11.41,clear sky,0.0,0
212,Hoorn,NL,52.64,5.06,61.0,86,93,5.21,overcast clouds,0.0,0
213,Bouza,NE,14.42,6.04,90.18,36,12,7.2,few clouds,0.0,0
214,Rocha,UY,-34.48,-54.33,46.29,91,100,13.02,moderate rain,2.02,0
215,Kourou,GF,5.16,-52.65,84.2,70,80,8.05,broken clouds,0.0,0
216,Pisco,PE,-13.7,-76.22,69.8,64,0,18.34,dust,0.0,0
217,Chaman,PK,30.92,66.45,75.2,20,2,3.69,clear sky,0.0,0
218,Hornepayne,CA,49.21,-84.77,86.16,29,14,9.22,few clouds,0.0,0
219,Gizo,SB,-8.1,156.84,82.83,75,91,9.69,moderate rain,1.45,0
220,Pevek,RU,69.7,170.31,44.11,75,85,1.19,overcast clouds,0.0,0
221,Mecca,SA,21.43,39.83,87.15,15,0,5.32,clear sky,0.0,0
222,San Cristobal,VE,7.77,-72.22,95.0,41,40,10.29,scattered clouds,0.0,0
223,Ibra,OM,22.69,58.53,84.06,60,73,6.71,broken clouds,0.0,0
224,Yulara,AU,-25.24,130.99,42.8,52,41,9.17,scattered clouds,0.0,0
225,Itaituba,BR,-4.28,-55.98,83.39,68,86,1.34,light rain,0.2,0
226,Bytow,PL,54.17,17.49,55.99,83,0,5.48,clear sky,0.0,0
227,Kruisfontein,ZA,-34.0,24.73,59.77,35,0,10.31,clear sky,0.0,0
228,Lucea,JM,18.45,-78.17,87.8,74,40,19.46,thunderstorm,0.0,0
229,Westport,US,41.14,-73.36,82.99,83,75,8.05,moderate rain,1.02,0
230,Kahului,US,20.89,-156.47,84.2,54,40,23.04,scattered clouds,0.0,0
231,Kaitangata,NZ,-46.28,169.85,43.0,74,78,11.99,broken clouds,0.0,0
232,Atambua,ID,-9.11,124.89,67.48,87,80,5.75,broken clouds,0.0,0
233,Gamba,GA,-2.65,10.0,71.64,88,0,5.35,clear sky,0.0,0
234,Dakar,SN,14.69,-17.44,82.4,74,100,16.11,overcast clouds,0.0,0
235,Saldanha,ZA,-33.01,17.94,51.8,71,38,1.12,scattered clouds,0.0,0
236,Aloleng,PH,16.13,119.78,81.88,83,99,3.11,overcast clouds,0.0,0
237,Amapa,BR,1.0,-52.0,81.7,71,92,1.95,overcast clouds,0.0,0
238,Udachnyy,RU,66.42,112.4,53.6,62,75,8.95,broken clouds,0.0,0
239,Umea,SE,63.83,20.26,57.2,82,81,3.36,broken clouds,0.0,0
240,Sicuani,PE,-14.27,-71.23,58.71,26,20,6.98,few clouds,0.0,0
241,Hirara,JP,24.8,125.28,84.13,82,100,18.92,light rain,0.11,0
242,San Patricio,MX,19.22,-104.7,87.8,79,90,23.04,overcast clouds,0.0,0
243,Kautokeino,NO,69.01,23.04,45.97,87,82,8.93,broken clouds,0.0,0
244,Lokosovo,RU,61.13,74.82,62.92,95,45,5.21,scattered clouds,0.0,0
245,Prescott,US,34.54,-112.47,93.0,15,1,17.22,clear sky,0.0,0
246,Yima,CN,34.74,111.88,82.99,99,100,4.14,overcast clouds,0.0,0
247,Sisimiut,GL,66.94,-53.67,45.82,85,100,11.32,moderate rain,1.36,0
248,Meulaboh,ID,4.14,96.13,74.64,93,100,11.59,light rain,0.49,0
249,Makakilo City,US,21.35,-158.09,84.2,51,20,9.17,few clouds,0.0,0
250,Harer,ET,9.31,42.13,61.99,88,97,5.08,light rain,0.39,0
251,Wexford,IE,52.33,-6.46,57.2,93,75,14.99,broken clouds,0.0,0
252,Kavieng,PG,-2.57,150.8,82.04,77,7,10.13,clear sky,0.0,0
253,Yuanping,CN,38.72,112.76,66.67,88,97,0.58,overcast clouds,0.0,0
254,Ancud,CL,-41.87,-73.82,48.99,81,100,10.29,light rain,0.23,0
255,Duki,PK,30.15,68.57,87.04,38,74,9.22,broken clouds,0.0,0
256,Sigli,ID,5.38,95.96,77.74,71,61,5.86,broken clouds,0.0,0
257,Ambilobe,MG,-13.2,49.05,72.18,74,6,7.47,clear sky,0.0,0
258,Eenhana,NA,-17.47,16.33,57.24,35,0,6.17,clear sky,0.0,0
259,Leh,IN,34.17,77.58,61.65,41,10,3.62,clear sky,0.0,0
260,Altamont,US,42.21,-121.74,75.99,25,1,6.93,clear sky,0.0,0
261,Kiruna,SE,67.86,20.23,51.8,87,93,6.93,light rain,0.0,0
262,Tocopilla,CL,-22.09,-70.2,67.14,44,0,3.13,clear sky,0.0,0
263,Daru,PG,-9.08,143.21,77.49,89,100,17.36,light rain,0.29,0
264,Narsaq,GL,60.92,-46.05,55.4,58,88,8.05,overcast clouds,0.0,0
265,Roma,US,43.21,-75.46,77.0,78,90,6.93,heavy intensity rain,9.9,0
266,Oistins,BB,13.07,-59.53,86.0,66,40,19.46,scattered clouds,0.0,0
267,Faya,SA,18.39,42.45,71.6,60,92,2.46,overcast clouds,0.0,0
268,Smoky Lake,CA,54.12,-112.47,59.0,98,100,5.99,overcast clouds,0.0,0
269,Norman Wells,CA,65.28,-126.83,64.4,48,75,10.29,broken clouds,0.0,0
270,Baykit,RU,61.67,96.37,52.18,87,26,9.55,scattered clouds,0.0,0
271,Kaohsiung,TW,22.62,120.31,84.99,74,40,4.7,scattered clouds,0.0,0
272,Talnakh,RU,69.49,88.4,50.0,87,75,22.37,broken clouds,0.0,0
273,Acari,PE,-15.43,-74.62,69.15,54,28,8.75,scattered clouds,0.0,0
274,Tabuk,PH,17.42,121.44,74.34,84,99,2.08,overcast clouds,0.0,0
275,Gualaquiza,EC,-3.4,-78.55,71.85,84,81,2.17,light rain,0.85,0
276,San Juan,AR,-31.54,-68.54,56.55,36,97,23.31,overcast clouds,0.0,0
277,Huarmey,PE,-10.07,-78.15,66.69,69,9,12.59,clear sky,0.0,0
278,Ilulissat,GL,69.22,-51.1,57.2,41,75,9.17,broken clouds,0.0,0
279,Ahipara,NZ,-35.17,173.17,55.36,70,82,16.33,light rain,0.17,0
280,Punta Alta,AR,-38.88,-62.07,46.36,75,83,15.03,broken clouds,0.0,0
281,Hillsborough,US,37.57,-122.38,80.01,56,1,21.92,clear sky,0.0,0
282,Puerto Escondido,MX,15.85,-97.07,84.2,70,40,10.29,scattered clouds,0.0,0
283,Homer,US,59.64,-151.55,55.4,82,75,11.41,broken clouds,0.0,0
284,Sorland,NO,67.67,12.69,51.8,76,75,10.29,broken clouds,0.0,0
285,Coihaique,CL,-45.58,-72.07,39.2,69,75,3.36,shower rain,0.0,0
286,Shurugwi,ZW,-19.67,30.01,52.5,72,89,7.09,overcast clouds,0.0,0
287,Victoria,HK,22.29,114.16,86.0,74,100,17.0,overcast clouds,0.0,0
288,Bailen,ES,38.1,-3.78,91.99,35,78,4.0,broken clouds,0.0,0
289,Vila Velha,BR,-20.33,-40.29,75.99,73,0,11.41,clear sky,0.0,0
290,Asfi,MA,32.3,-9.24,69.48,78,0,15.28,clear sky,0.0,0
291,Nganjuk,ID,-7.61,111.9,74.5,80,3,10.83,clear sky,0.0,0
292,Arona,ES,28.1,-16.68,82.4,37,0,16.11,clear sky,0.0,0
293,Bethel,US,41.37,-73.41,78.01,88,90,10.29,very heavy rain,18.8,0
294,Sept-Iles,CA,50.2,-66.38,64.4,93,90,10.29,overcast clouds,0.0,0
295,Bud,US,39.45,-86.18,84.99,83,75,16.11,thunderstorm,0.0,0
296,Lima,PE,-12.04,-77.03,62.6,77,90,6.93,overcast clouds,0.0,0
297,Mayo,US,38.89,-76.51,88.0,74,1,10.29,clear sky,0.0,0
298,Ixtapa,MX,20.7,-105.2,89.01,66,75,10.29,broken clouds,0.0,0
299,Ariquemes,BR,-9.91,-63.04,87.84,53,35,0.83,scattered clouds,0.0,0
300,Esperance,AU,-33.87,121.9,50.0,100,90,6.93,overcast clouds,0.0,0
301,Aripuana,BR,-9.17,-60.63,88.66,42,16,0.22,few clouds,0.0,0
302,Acarau,BR,-2.89,-40.12,78.64,79,42,12.86,scattered clouds,0.0,0
303,Alibag,IN,18.64,72.88,84.2,89,75,4.7,haze,0.0,0
304,Igarka,RU,67.47,86.58,51.3,62,0,22.95,clear sky,0.0,0
305,Barao De Melgaco,BR,-16.19,-55.97,82.4,42,0,9.17,clear sky,0.0,0
306,Balatonszarszo,HU,46.83,17.82,68.0,72,42,2.24,scattered clouds,0.0,0
307,Gornopravdinsk,RU,60.05,69.9,71.8,71,27,6.26,scattered clouds,0.0,0
308,Sao Filipe,CV,14.9,-24.5,78.33,86,69,8.66,broken clouds,0.0,0
309,Talaya,RU,61.38,152.75,52.09,87,100,6.08,light rain,0.69,0
310,Plettenberg Bay,ZA,-34.05,23.37,69.6,27,41,9.75,scattered clouds,0.0,0
311,Houma,US,29.6,-90.72,93.99,62,75,8.05,broken clouds,0.0,0
312,Dutlwe,BW,-23.98,23.9,53.13,70,0,13.51,clear sky,0.0,0
313,Kailua,US,21.4,-157.74,84.2,58,75,14.99,broken clouds,0.0,0
314,Faanui,PF,-16.48,-151.75,76.03,81,56,29.35,broken clouds,0.0,0
315,Urengoy,RU,65.97,78.37,54.95,76,0,13.47,clear sky,0.0,0
316,Jackson,US,42.42,-122.83,81.0,25,1,5.82,clear sky,0.0,0
317,Tonder,DK,54.93,8.87,55.4,71,49,9.17,scattered clouds,0.0,0
318,Abasha,GE,42.21,42.22,73.4,94,90,2.24,overcast clouds,0.0,0
319,Catamarca,AR,-28.47,-65.79,66.99,42,0,3.0,clear sky,0.0,0
320,Quatre Cocos,MU,-20.21,57.76,71.6,60,75,12.75,broken clouds,0.0,0
321,Nemea,GR,37.82,22.67,79.0,49,1,1.01,clear sky,0.0,0
322,Port-Cartier,CA,50.03,-66.87,64.4,93,90,10.29,overcast clouds,0.0,0
323,Krasnoarmeysk,RU,51.02,45.7,75.56,50,9,10.47,clear sky,0.0,0
324,Waingapu,ID,-9.66,120.26,73.53,83,5,11.12,clear sky,0.0,0
325,Qasigiannguit,GL,68.82,-51.19,57.2,41,75,9.17,broken clouds,0.0,0
326,Kuito,AO,-12.38,16.93,51.51,41,0,0.29,clear sky,0.0,0
327,Lincoln,US,40.8,-96.67,93.0,46,1,18.34,clear sky,0.0,0
328,Cody,US,44.53,-109.06,79.0,19,1,6.93,clear sky,0.0,0
329,Vallenar,CL,-28.57,-70.76,73.9,18,0,6.15,clear sky,0.0,0
330,Vila Franca Do Campo,PT,37.72,-25.43,68.0,72,75,8.05,broken clouds,0.0,0
331,Safaga,EG,26.73,33.94,89.6,31,0,3.36,clear sky,0.0,0
332,Lompoc,US,34.64,-120.46,66.0,72,8,14.99,clear sky,0.0,0
333,Nelson Bay,AU,-32.72,152.15,45.0,100,75,4.7,broken clouds,0.0,0
334,Srednekolymsk,RU,67.45,153.68,61.61,64,100,9.53,overcast clouds,0.0,0
335,Wanaka,NZ,-44.7,169.15,34.0,82,51,1.99,broken clouds,0.0,0
336,Kununurra,AU,-15.77,128.73,51.8,32,24,8.28,few clouds,0.0,0
337,Haverfordwest,GB,51.8,-4.97,60.01,100,100,20.8,light rain,0.37,0
338,Bugama,NG,4.73,6.86,76.1,91,56,5.01,light rain,0.93,0
339,Inuvik,CA,68.35,-133.72,48.2,70,40,3.36,scattered clouds,0.0,0
340,Toora-Khem,RU,52.47,96.11,48.81,91,60,3.69,broken clouds,0.0,0
341,Mackenzie,CA,55.3,-123.17,64.4,55,75,9.17,broken clouds,0.0,0
342,Sitka,US,57.05,-135.33,57.2,82,75,5.82,broken clouds,0.0,0
343,Nalut,LY,30.33,10.85,78.6,23,0,18.1,clear sky,0.0,0
344,Eyl,SO,7.98,49.82,81.16,68,35,21.85,scattered clouds,0.0,0
345,Hofn,IS,64.25,-15.21,55.4,82,40,1.12,shower rain,0.0,0
346,Skjervoy,NO,70.03,20.97,47.79,82,11,2.19,few clouds,0.0,0
347,Biak,ID,-0.91,122.88,76.53,84,94,5.53,moderate rain,1.13,0
348,Nizhniy Odes,RU,63.64,54.86,73.02,74,52,5.57,broken clouds,0.0,0
349,Bagdarin,RU,54.43,113.6,56.01,90,4,2.13,clear sky,0.0,0
350,Disna,BY,55.57,28.2,53.85,90,100,5.28,overcast clouds,0.0,0
351,Grevesmuhlen,DE,53.87,11.18,57.0,78,77,4.0,broken clouds,0.0,0
352,Zoutleeuw,BE,50.83,5.1,62.01,100,100,1.12,overcast clouds,0.0,0
353,Mayumba,GA,-3.43,10.66,71.82,86,0,5.21,clear sky,0.0,0
354,Roebourne,AU,-20.78,117.13,66.0,26,0,10.49,clear sky,0.0,0
355,Cururupu,BR,-1.83,-44.87,78.03,80,3,3.74,clear sky,0.0,0
356,Cabatuan,PH,10.88,122.49,76.93,84,100,2.91,overcast clouds,0.0,0
357,Taganak,PH,6.08,118.3,78.8,94,20,5.23,few clouds,0.0,0
358,Okhotsk,RU,59.38,143.3,52.99,85,0,0.98,clear sky,0.0,0
359,Tamandare,BR,-8.76,-35.1,76.26,83,1,5.57,clear sky,0.0,0
360,Kuytun,RU,54.34,101.5,53.62,87,33,6.38,scattered clouds,0.0,0
361,Saint Marys,US,30.73,-81.55,89.01,84,75,11.41,heavy intensity rain,6.1,0
362,Carnarvon,AU,-24.87,113.63,55.4,76,0,9.17,clear sky,0.0,0
363,Valparaiso,CL,-33.04,-71.63,62.6,62,34,3.36,scattered clouds,0.0,0
364,Kundiawa,PG,-6.02,144.97,58.68,77,17,2.91,few clouds,0.0,0
365,High River,CA,50.58,-113.87,64.99,62,95,4.0,overcast clouds,0.0,0
366,Yemelyanovo,RU,56.17,92.68,66.2,68,92,8.95,overcast clouds,0.0,0
367,Te Anau,NZ,-45.42,167.72,36.45,88,61,2.28,broken clouds,0.0,0
368,Kefalos,GR,36.75,26.96,80.6,61,0,17.22,clear sky,0.0,0
369,Liberia,LR,6.5,-9.5,71.94,98,100,3.49,overcast clouds,0.0,0
370,Tuatapere,NZ,-46.13,167.68,39.0,83,94,3.0,overcast clouds,0.0,0
371,Ormara,PK,25.21,64.64,88.02,66,100,22.28,light rain,0.28,0
372,Bardiyah,LY,31.76,25.09,74.39,92,0,8.16,clear sky,0.0,0
373,Bolobo,CD,-2.17,16.23,77.94,50,0,2.21,clear sky,0.0,0
374,Wagar,SD,16.15,36.2,89.1,42,100,15.61,overcast clouds,0.0,0
375,Luwuk,ID,-0.95,122.79,77.13,80,95,4.23,moderate rain,1.67,0
376,Elizabeth City,US,36.29,-76.25,84.99,74,1,11.41,clear sky,0.0,0
377,Waipawa,NZ,-41.41,175.52,46.4,70,99,33.33,light rain,0.64,0
378,Turukhansk,RU,65.82,87.98,51.33,57,0,17.09,clear sky,0.0,0
379,Saint Stephen,GB,50.33,-4.9,61.0,87,96,12.75,overcast clouds,0.0,0
380,Vanimo,PG,-2.67,141.3,77.11,87,54,6.58,broken clouds,0.0,0
381,Zheleznodorozhnyy,RU,55.75,38.0,64.4,93,75,8.95,broken clouds,0.0,0
382,Huayucachi,PE,-12.13,-75.23,64.06,26,4,2.82,clear sky,0.0,0
383,Port Hawkesbury,CA,45.62,-61.35,62.01,77,40,14.99,scattered clouds,0.0,0
384,Devils Lake,US,48.11,-98.87,77.0,53,1,9.17,clear sky,0.0,0
385,Bonfim,BR,3.08,-59.95,87.87,60,68,1.74,light rain,0.15,0
386,Hastings,GB,50.86,0.57,62.01,96,95,4.0,overcast clouds,0.0,0
387,Bambous Virieux,MU,-20.34,57.76,71.6,60,75,12.75,broken clouds,0.0,0
388,Jardim,BR,-21.48,-56.14,60.96,79,100,4.54,overcast clouds,0.0,0
389,Stuttgart,DE,48.78,9.18,69.01,63,80,4.7,broken clouds,0.0,0
390,Cayenne,GF,4.93,-52.33,84.2,70,96,8.05,light rain,0.18,0
391,Nishihara,JP,26.18,127.76,82.4,88,75,12.75,broken clouds,0.0,0
392,Yumen,CN,40.28,97.2,68.76,24,73,7.56,broken clouds,0.0,0
393,Luderitz,NA,-26.65,15.16,60.8,59,31,5.82,scattered clouds,0.0,0
394,Pokrovskoye,RU,47.42,38.9,75.0,83,100,8.99,overcast clouds,0.0,0
395,Roald,NO,62.58,6.13,50.0,93,75,18.34,light intensity shower rain,0.0,0
396,Maumelle,US,34.87,-92.4,91.0,68,48,1.01,moderate rain,1.15,0
397,Port Lincoln,AU,-34.73,135.87,49.84,54,0,15.77,clear sky,0.0,0
398,Naryan-Mar,RU,67.67,53.09,63.73,94,97,8.08,light rain,0.4,0
399,San Jeronimo,PE,-11.95,-75.28,62.64,28,4,2.26,clear sky,0.0,0
400,Mogadishu,SO,2.04,45.34,78.64,85,92,15.73,overcast clouds,0.0,0
401,Noumea,NC,-22.28,166.46,66.99,82,96,10.98,overcast clouds,0.0,0
402,Shahreza,IR,32.03,51.88,74.17,21,69,3.4,broken clouds,0.0,0
403,Beloha,MG,-25.17,45.05,64.69,74,0,12.95,clear sky,0.0,0
404,Kavaratti,IN,10.57,72.64,83.23,76,100,16.2,light rain,0.98,0
405,Krasnoselkup,RU,65.7,82.47,53.47,74,0,15.5,clear sky,0.0,0
406,Vila,PT,42.03,-8.16,73.99,73,9,5.82,clear sky,0.0,0
407,Mount Gambier,AU,-37.83,140.77,42.8,87,90,12.75,overcast clouds,0.0,0
408,Buraydah,SA,26.33,43.98,93.2,18,0,6.93,clear sky,0.0,0
409,Lichinga,MZ,-13.31,35.24,64.4,59,75,5.82,broken clouds,0.0,0
410,Tibiao,PH,11.29,122.04,81.39,70,98,4.61,overcast clouds,0.0,0
411,Ankazoabo,MG,-22.28,44.52,61.12,62,0,6.91,clear sky,0.0,0
412,Poum,NC,-20.23,164.02,69.49,73,15,12.19,few clouds,0.0,0
413,Cuajinicuilapa,MX,16.47,-98.42,90.03,51,99,7.78,overcast clouds,0.0,0
414,Airai,TL,-8.93,125.41,53.94,100,25,3.58,scattered clouds,0.0,0
415,Gorontalo,ID,0.54,123.06,75.27,88,100,1.95,overcast clouds,0.0,0
416,San Gabriel,US,34.1,-118.11,88.0,45,1,5.82,clear sky,0.0,0
417,Nosy Varika,MG,-20.58,48.53,69.21,80,98,9.73,light rain,0.19,0
418,Kaspiysk,RU,42.88,47.64,84.0,58,51,13.42,broken clouds,0.0,0
419,Linjiang,CN,41.81,126.91,55.38,81,0,2.04,clear sky,0.0,0
420,Jian,CN,27.12,114.98,77.25,94,100,2.28,light rain,0.22,0
421,Nacajuca,MX,18.13,-93.02,93.2,52,75,19.46,broken clouds,0.0,0
422,Salalah,OM,17.02,54.09,82.4,88,75,3.36,broken clouds,0.0,0
423,Nuuk,GL,64.18,-51.72,53.6,66,90,9.17,light intensity shower rain,0.0,0
424,Malakal,SS,9.53,31.66,74.61,82,100,2.3,overcast clouds,0.0,0
425,Kempen,DE,51.37,6.42,61.0,93,98,3.36,light rain,0.17,0
426,Alice Springs,AU,-23.7,133.88,42.8,52,80,3.36,broken clouds,0.0,0
427,Anadyr,RU,64.75,177.48,64.4,59,0,4.47,clear sky,0.0,0
428,Tessalit,ML,20.2,1.01,92.17,11,0,4.94,clear sky,0.0,0
429,Bousse,BF,12.66,-1.89,89.6,59,20,13.87,few clouds,0.0,0
430,Hohhot,CN,40.81,111.65,62.6,93,40,4.47,scattered clouds,0.0,0
431,Newport,GB,51.59,-3.0,62.01,94,100,3.0,overcast clouds,0.0,0
432,Puerto Ayacucho,VE,5.66,-67.62,91.4,49,20,10.29,few clouds,0.0,0
433,San Ignacio,BZ,17.16,-89.07,91.4,63,75,8.3,broken clouds,0.0,0
434,Labuhan,ID,-6.88,112.21,75.45,85,27,8.7,scattered clouds,0.0,0
435,De-Kastri,RU,51.47,140.78,56.59,89,100,5.17,overcast clouds,0.0,0
436,Teguldet,RU,57.31,88.17,62.51,98,100,9.17,moderate rain,2.12,0
437,Klaksvik,FO,62.23,-6.59,51.8,81,60,6.93,broken clouds,0.0,0
438,Lubango,AO,-14.92,13.49,54.63,40,0,2.46,clear sky,0.0,0
439,Lieksa,FI,63.32,30.02,56.03,73,2,8.55,clear sky,0.0,0
440,Ostrovnoy,RU,68.05,39.51,53.31,89,100,8.93,light rain,0.54,0
441,Barstow,US,34.9,-117.02,98.6,7,1,14.99,clear sky,0.0,0
442,The Valley,AI,18.22,-63.06,87.8,66,20,17.22,few clouds,0.0,0
443,Kasulu,TZ,-4.58,30.1,71.6,78,0,2.46,clear sky,0.0,0
444,Usinsk,RU,65.99,57.53,67.1,93,42,9.93,moderate rain,2.19,0
445,Matara,LK,5.95,80.54,79.7,87,100,10.51,overcast clouds,0.0,0
446,Constantine,DZ,36.37,6.61,73.4,46,0,3.36,clear sky,0.0,0
447,Jiangyou,CN,31.77,104.72,74.57,76,97,2.24,overcast clouds,0.0,0
448,Namatanai,PG,-3.67,152.43,79.61,77,62,4.5,broken clouds,0.0,0
449,Grand Gaube,MU,-20.01,57.66,68.0,72,10,4.0,clear sky,0.0,0
450,Kabompo,ZM,-13.59,24.2,56.75,44,0,4.29,clear sky,0.0,0
451,Necochea,AR,-38.55,-58.74,45.0,86,69,5.99,broken clouds,0.0,0
452,Conde,BR,-7.26,-34.91,78.8,83,0,8.05,clear sky,0.0,0
453,Katav-Ivanovsk,RU,54.75,58.2,63.46,93,0,3.47,clear sky,0.0,0
454,Kamiiso,JP,41.82,140.65,64.74,89,38,5.21,scattered clouds,0.0,0
455,Pasir Gudang,MY,1.46,103.88,78.8,88,75,6.93,light rain,0.0,0
456,Hambantota,LK,6.12,81.12,78.8,100,90,1.12,overcast clouds,0.0,0
457,Dwarka,IN,22.24,68.97,82.81,83,46,18.39,light rain,0.24,0
458,Miraflores,MX,19.22,-98.81,73.0,46,90,13.87,moderate rain,0.0,0
459,Tomaszow Mazowiecki,PL,51.53,20.01,55.99,83,88,6.24,overcast clouds,0.0,0
460,Manassas,US,38.75,-77.48,93.0,43,1,8.05,clear sky,0.0,0
461,Nogliki,RU,51.83,143.17,49.33,96,100,9.57,overcast clouds,0.0,0
462,Monrovia,LR,6.3,-10.8,77.02,88,100,9.82,light rain,0.74,0
463,Tahoua,NE,14.89,5.27,93.2,34,16,11.41,few clouds,0.0,0
464,Jacareacanga,BR,-6.22,-57.75,85.77,58,28,1.36,scattered clouds,0.0,0
465,Jalu,LY,29.03,21.55,79.38,59,1,16.51,clear sky,0.0,0
466,Fortuna,US,40.6,-124.16,63.0,77,1,13.87,clear sky,0.0,0
467,Sambava,MG,-14.27,50.17,71.91,88,25,11.86,light rain,0.37,0
468,Sechura,PE,-5.56,-80.82,73.51,55,16,18.45,few clouds,0.0,0
469,Chipinge,ZW,-20.19,32.62,55.15,82,74,6.78,broken clouds,0.0,0
470,Cabo San Lucas,MX,22.89,-109.91,89.6,40,75,14.99,broken clouds,0.0,0
471,Gambo,CF,4.65,22.26,71.26,95,100,1.7,overcast clouds,0.0,0
472,Soyo,AO,-6.13,12.37,73.9,79,0,8.08,clear sky,0.0,0
473,Trincomalee,LK,8.57,81.23,80.28,85,100,10.0,overcast clouds,0.0,0
474,Roros,NO,62.57,11.38,44.6,81,45,6.93,scattered clouds,0.0,0
475,Kimbe,PG,-5.55,150.14,75.24,86,41,4.52,scattered clouds,0.0,0
476,Sur,OM,22.57,59.53,86.11,69,100,16.58,overcast clouds,0.0,0
477,Kang,BW,-23.68,22.79,53.38,69,0,11.07,clear sky,0.0,0
478,Itoman,JP,26.12,127.67,82.4,88,75,12.75,broken clouds,0.0,0
479,Makhachkala,RU,42.98,47.5,84.0,58,58,13.42,broken clouds,0.0,0
480,Madang,PG,-5.22,145.8,76.46,87,88,4.25,overcast clouds,0.0,0
481,Cabra,ES,37.47,-4.44,87.8,27,1,10.29,clear sky,0.0,0
482,Ca Mau,VN,9.18,105.15,77.32,86,100,1.36,overcast clouds,0.0,0
483,Barra,BR,-11.09,-43.14,79.36,44,4,4.72,clear sky,0.0,0
484,Myaundzha,RU,63.05,147.19,48.31,82,100,3.58,light rain,0.13,0
485,Natchitoches,US,31.77,-93.13,93.2,56,75,6.73,broken clouds,0.0,0
486,Ibirapitanga,BR,-14.16,-39.37,68.83,93,5,1.83,clear sky,0.0,0
487,Antsohihy,MG,-14.88,47.99,76.41,60,2,9.4,clear sky,0.0,0
488,Teya,RU,60.38,92.63,53.08,91,16,7.0,few clouds,0.0,0
489,Marsa Matruh,EG,31.35,27.25,75.2,83,40,6.93,scattered clouds,0.0,0
490,Mocuba,MZ,-16.84,36.99,62.96,97,2,2.84,clear sky,0.0,0
491,Honiara,SB,-9.43,159.95,75.2,100,75,2.24,broken clouds,0.0,0
492,Kangasala,FI,61.46,24.08,50.0,93,20,1.12,few clouds,0.0,0
493,Portland,US,45.52,-122.68,72.0,52,75,8.05,broken clouds,0.0,0
494,Yeppoon,AU,-23.13,150.73,59.0,82,75,4.7,broken clouds,0.0,0
495,Hokitika,NZ,-42.72,170.97,39.9,70,0,4.63,clear sky,0.0,0
496,Port Hardy,CA,50.7,-127.42,59.0,87,90,5.82,overcast clouds,0.0,0
497,Cap Malheureux,MU,-19.98,57.61,68.0,72,9,4.0,clear sky,0.0,0
498,Kamaishi,JP,39.27,141.88,69.64,81,96,4.41,overcast clouds,0.0,0
499,Zeya,RU,53.75,127.27,60.85,61,20,3.8,few clouds,0.0,0
500,Boende,CD,-0.22,20.87,78.24,64,45,0.81,scattered clouds,0.0,0
501,Boa Vista,BR,2.82,-60.67,91.4,46,40,12.75,scattered clouds,0.0,0
502,Gouyave,GD,12.16,-61.73,86.0,74,20,20.8,few clouds,0.0,0
503,Mamontovo,RU,52.71,81.62,59.85,91,32,6.2,scattered clouds,0.0,0
504,Fort Dodge,US,42.5,-94.17,93.2,52,20,10.29,few clouds,0.0,0
505,Luxor,EG,25.7,32.64,93.2,32,0,3.36,clear sky,0.0,0
506,Deputatskiy,RU,69.3,139.9,46.13,92,90,2.84,overcast clouds,0.0,0
507,Hailar,CN,49.2,119.7,66.67,60,89,11.63,overcast clouds,0.0,0
508,Flinders,AU,-34.58,150.86,45.0,88,0,3.0,clear sky,0.0,0
509,Brae,GB,60.4,-1.35,51.8,81,11,9.17,few clouds,0.0,0
510,Santo Antonio Do Ica,BR,-3.1,-67.94,83.86,71,82,2.46,light rain,0.18,0
511,Rize,TR,40.9,40.89,50.99,100,26,0.63,scattered clouds,0.0,0
512,Vieques,PR,18.43,-65.83,89.6,66,20,8.05,few clouds,0.0,0
513,Wawa,NG,9.9,4.42,78.15,81,53,7.67,broken clouds,0.0,0
514,Okha,RU,53.57,142.95,50.76,91,100,9.53,overcast clouds,0.0,0
515,Saint-Georges,GD,12.06,-61.75,86.0,74,20,20.8,few clouds,0.0,0
516,Pitimbu,BR,-7.47,-34.81,78.8,83,0,8.05,clear sky,0.0,0
517,Superior,US,46.72,-92.1,86.0,73,40,6.93,scattered clouds,0.0,0
518,Ngerengere,TZ,-6.75,38.12,75.2,83,75,3.4,broken clouds,0.0,0
519,Rezekne,LV,56.5,27.32,52.14,94,96,5.95,light rain,0.13,0
520,Banes,CU,20.96,-75.72,93.2,52,40,10.29,scattered clouds,0.0,0
521,Pilar,BR,-9.6,-35.96,77.0,83,20,6.93,few clouds,0.0,0
522,Ketchikan,US,55.34,-131.65,60.8,77,90,5.82,overcast clouds,0.0,0
523,El Alto,PE,-4.27,-81.21,75.2,69,65,18.34,broken clouds,0.0,0
524,Nemuro,JP,43.32,145.57,59.61,96,10,2.53,clear sky,0.0,0
525,Bonavista,CA,48.65,-53.11,54.0,86,0,4.0,clear sky,0.0,0
526,Portarlington,IE,53.16,-7.19,60.01,95,100,2.1,light rain,0.87,0
527,Sinazongwe,ZM,-17.26,27.46,66.87,55,0,2.44,clear sky,0.0,0
528,Khuzhir,RU,53.19,107.34,55.02,85,94,6.62,overcast clouds,0.0,0
529,Safford,US,32.83,-109.71,104.0,15,1,16.11,clear sky,0.0,0
530,Ladushkin,RU,54.57,20.17,53.6,87,75,8.95,broken clouds,0.0,0
531,Coutances,FR,49.05,-1.43,60.01,100,41,14.99,scattered clouds,0.0,0
532,Pundaguitan,PH,6.37,126.17,82.99,72,100,5.68,overcast clouds,0.0,0
533,Awjilah,LY,29.11,21.29,78.04,63,0,16.53,clear sky,0.0,0
534,Berlevag,NO,70.86,29.09,46.4,100,75,6.93,broken clouds,0.0,0
535,Zyryanka,RU,65.75,150.85,55.29,92,100,7.87,overcast clouds,0.0,0
536,Launceston,AU,-41.45,147.17,43.0,100,90,1.63,overcast clouds,0.0,0
537,Bilma,NE,18.69,12.92,92.86,27,93,7.07,overcast clouds,0.0,0
538,Matehuala,MX,23.65,-100.65,87.22,26,0,11.52,clear sky,0.0,0
539,Brookhaven,US,31.58,-90.44,79.0,94,97,6.58,overcast clouds,0.0,0
540,Batticaloa,LK,7.71,81.69,81.1,80,100,6.93,overcast clouds,0.0,0
541,Rochegda,RU,62.8,43.25,65.68,96,63,3.69,light rain,0.39,0
542,Timmins,CA,48.47,-81.33,86.0,40,40,8.05,scattered clouds,0.0,0
543,Balagunan,PH,7.49,125.52,73.69,84,99,2.48,overcast clouds,0.0,0
544,Dobsice,CZ,48.85,16.08,60.01,88,97,2.24,light rain,0.19,0
545,Katobu,ID,-4.94,122.53,73.96,92,78,5.48,broken clouds,0.0,0
546,Nauta,PE,-4.51,-73.58,82.74,79,81,1.9,light rain,0.29,0
547,Cape Canaveral,US,28.41,-80.6,80.6,88,1,6.93,clear sky,0.0,0
548,Boulder City,US,35.98,-114.83,100.99,6,1,6.93,clear sky,0.0,0
549,Mendi,PG,-6.18,143.65,51.69,97,12,3.18,few clouds,0.0,0
550,Galle,LK,6.04,80.22,80.74,85,100,11.16,light rain,0.22,0
551,Khandbari,NP,27.37,87.2,75.88,77,99,0.89,light rain,0.94,0
552,Chapais,CA,49.78,-74.85,77.0,57,40,8.05,moderate rain,0.0,0
553,Ndola,ZM,-12.96,28.64,56.19,60,0,4.83,clear sky,0.0,0
554,Fethiye,TR,36.62,29.12,69.8,88,20,4.7,few clouds,0.0,0
555,Berndorf,AT,47.95,16.11,66.99,64,19,7.0,few clouds,0.0,0
556,Nantucket,US,41.28,-70.1,71.6,83,1,14.99,clear sky,0.0,0
557,Halifax,CA,44.65,-63.57,62.01,87,90,13.87,overcast clouds,0.0,0
558,Kysyl-Syr,RU,63.9,122.76,58.62,62,12,4.85,few clouds,0.0,0
559,Okakarara,NA,-20.58,17.43,51.15,39,0,6.44,clear sky,0.0,0
